{
  "name": "main",
  "prefix": "main",
  "title": "Database: banking - root",
  "databaseType": "MYSQL",
  "comments": "Created using Connect Wizard",
  "isActive": true,
  "isLogErrors": false,
  "isSchemaEditable": false,
  "isSupportBoolean": false,
  "isReadOnly": false,
  "useJNDIDataSource": false,
  "url": "jdbc:mysql://localhost:3308/banking",
  "catalog": "banking",
  "schema": null,
  "username": "root",
  "password": "espresso_logic",
  "maximumConnections": 20,
  "tableExcludes": null,
  "tableIncludes": null,
  "procedureExcludes": null,
  "procedureIncludes": null,
  "nonPersistentAttributes": {
  },
  "tableInfos": {
  },
  "viewInfos": {
  },
  "procedureInfos": {
  }
}
