[
  {
    "parentEntity": "main:CHECKING",
    "childEntity": "main:CHECKING_TRANS",
    "roleToParent": "CHECKING",
    "roleToChild": "CHECKING_TRANS_List",
    "deleteRule": "Cascade",
    "updateRule": "No Action",
    "parentColumns": [
      "AcctNum",
      "CustNum"
    ],
    "childColumns": [
      "AcctNum",
      "CustNum"
    ]
  },
  {
    "parentEntity": "main:CHECKING",
    "childEntity": "main:TRANSFER_FUNDS",
    "roleToParent": "main_CHECKING_Parent",
    "roleToChild": "main_TRANSFER_FUNDS_List",
    "deleteRule": "No Action",
    "updateRule": "No Action",
    "parentColumns": [
      "AcctNum",
      "CustNum"
    ],
    "childColumns": [
      "FromAcct",
      "FromCustNum"
    ]
  },
  {
    "parentEntity": "main:CUSTOMER",
    "childEntity": "main:ALERT",
    "roleToParent": "CUSTOMER",
    "roleToChild": "ALERT_List",
    "deleteRule": "Cascade",
    "updateRule": "No Action",
    "parentColumns": [
      "CustNum"
    ],
    "childColumns": [
      "CustNum"
    ]
  },
  {
    "parentEntity": "main:CUSTOMER",
    "childEntity": "main:CHECKING",
    "roleToParent": "CUSTOMER",
    "roleToChild": "CHECKING_List",
    "deleteRule": "Cascade",
    "updateRule": "No Action",
    "parentColumns": [
      "CustNum"
    ],
    "childColumns": [
      "CustNum"
    ]
  },
  {
    "parentEntity": "main:CUSTOMER",
    "childEntity": "main:LINE_OF_CREDIT",
    "roleToParent": "CUSTOMER",
    "roleToChild": "LINE_OF_CREDIT_List",
    "deleteRule": "Cascade",
    "updateRule": "No Action",
    "parentColumns": [
      "CustNum"
    ],
    "childColumns": [
      "CustNum"
    ]
  },
  {
    "parentEntity": "main:CUSTOMER",
    "childEntity": "main:SAVINGS",
    "roleToParent": "CUSTOMER",
    "roleToChild": "SAVINGS_List",
    "deleteRule": "Cascade",
    "updateRule": "No Action",
    "parentColumns": [
      "CustNum"
    ],
    "childColumns": [
      "CustNum"
    ]
  },
  {
    "parentEntity": "main:CUSTOMER",
    "childEntity": "main:TRANSFER_FUNDS",
    "roleToParent": "CUSTOMER",
    "roleToChild": "TRANSFER_FUNDS_List",
    "deleteRule": "No Action",
    "updateRule": "No Action",
    "parentColumns": [
      "CustNum"
    ],
    "childColumns": [
      "FromCustNum"
    ]
  },
  {
    "parentEntity": "main:CUSTOMER",
    "childEntity": "main:TRANSFER_FUNDS",
    "roleToParent": "CUSTOMER_via_ToCustNum",
    "roleToChild": "TRANSFER_FUNDS_List_via_ToCustNum",
    "deleteRule": "No Action",
    "updateRule": "No Action",
    "parentColumns": [
      "CustNum"
    ],
    "childColumns": [
      "ToCustNum"
    ]
  },
  {
    "parentEntity": "main:LINE_OF_CREDIT",
    "childEntity": "main:LOC_TRANSACTIONS",
    "roleToParent": "LINE_OF_CREDIT",
    "roleToChild": "LOC_TRANSACTIONS_List",
    "deleteRule": "Cascade",
    "updateRule": "No Action",
    "parentColumns": [
      "AcctNum",
      "CustNum"
    ],
    "childColumns": [
      "AcctNum",
      "CustNum"
    ]
  },
  {
    "parentEntity": "main:SAVINGS",
    "childEntity": "main:SAVINGS_TRANS",
    "roleToParent": "SAVINGS",
    "roleToChild": "SAVINGS_TRANS_List",
    "deleteRule": "Cascade",
    "updateRule": "No Action",
    "parentColumns": [
      "AcctNum",
      "CustNum"
    ],
    "childColumns": [
      "AcctNum",
      "CustNum"
    ]
  },
  {
    "parentEntity": "main:SAVINGS",
    "childEntity": "main:TRANSFER_FUNDS",
    "roleToParent": "main_SAVINGS_Parent",
    "roleToChild": "main_TRANSFER_FUNDS_List",
    "deleteRule": "No Action",
    "updateRule": "No Action",
    "parentColumns": [
      "AcctNum",
      "CustNum"
    ],
    "childColumns": [
      "ToAcct",
      "ToCustNum"
    ]
  },
  {
    "parentEntity": "main:valid_credit",
    "childEntity": "main:CHECKING",
    "roleToParent": "valid_credit",
    "roleToChild": "CHECKING_List",
    "deleteRule": "No Action",
    "updateRule": "No Action",
    "parentColumns": [
      "creditCode"
    ],
    "childColumns": [
      "CreditCode"
    ]
  },
  {
    "parentEntity": "main:valid_state",
    "childEntity": "main:CUSTOMER",
    "roleToParent": "valid_state",
    "roleToChild": "CUSTOMER_List",
    "deleteRule": "No Action",
    "updateRule": "No Action",
    "parentColumns": [
      "stateCode"
    ],
    "childColumns": [
      "State"
    ]
  }
]
