<?xml version="1.0" encoding="UTF-8" standalone="yes"?>
<project name="Banking" systemTags="1" description="Mobile app built with Appery.io" system="2" subsystem="1" openedwith="JS_EDITOR" backupVersion="2.0" withCertificates="false" modelVersion="15">
    <asset compressed="false" id="4143628" name="mobileNative" type="120"/>
    <asset compressed="false" id="4143629" name="startScreen" type="50"/>
    <asset compressed="false" id="4143630" name="Storage and Models" type="380"/>
    <asset compressed="false" id="4144257" name="accountRest" type="90"/>
    <asset compressed="false" id="4144292" name="Transactions" type="90"/>
    <asset compressed="false" id="4144303" name="Customer" type="50"/>
    <asset compressed="true" id="4154698" name="espresso-cloud.png" type="10"/>
    <asset compressed="false" id="4155538" name="Details" type="50"/>
    <asset compressed="false" id="4156697" name="CSS1" type="180"/>
    <asset compressed="false" id="4156710" name="Authenticate" type="90"/>
    <asset compressed="false" id="4161669" name="CustomerRESTService" type="90"/>
</project>
